person_id,name
0,Matt Reeves
1,Peter Craig
2,Bob Kane
3,Zoë Kravitz
4,Robert Pattinson
5,Barry Keoghan
6,Wes Miller
7,Rab Berry
8,Scott Mallace
9,Bruce Willis
10,Frank Grillo
11,Kevin Dillon
12,Rocky Karlage
13,Staci Layne Wilson
14,Patrick Lamba
15,Charlie Jiin
16,Kim Bass
17,Major Dodson
18,Amy Smart
19,Barkhad Abdi
20,Ti West
21,Jenna Ortega
22,Mia Goth
23,Brittany Snow
24,Guy Ritchie
25,Ivan Atkinson
26,Marn Davies
27,Jason Statham
28,Josh Hartnett
29,Aubrey Plaza
30,Graham Moore
31,Johnathan McClain
32,Mark Rylance
33,Zoey Deutch
34,Dylan O'Brien
35,Gail Lerner
36,Kenya Barris
37,Ernestine Gilbreth Carey
38,Frank B. Gilbreth Jr.
39,Gabrielle Union
40,Zach Braff
41,Brittany Daniel
42,Krystin Ver Linden
43,Keke Palmer
44,Common
45,Jonny Lee Miller
46,Jon Gunn
47,Zachary Levi
48,Amy Acker
49,Peter Facinelli
50,Iris K. Shim
51,Dermot Mulroney
52,Odeya Rush
53,Sandra Oh
54,Aaron Nee
55,Adam Nee
56,Oren Uziel
57,Dana Fox
58,Sandra Bullock
59,Brad Pitt
60,Channing Tatum
61,Mitch Riverman
62,Ninette Finch
63,Lily Smith
64,Mark Joseph
65,Dan Kwan
66,Daniel Scheinert
67,Jenny Slate
68,Michelle Yeoh
69,Jamie Lee Curtis
70,Daniel Espinosa
71,Matt Sazama
72,Burk Sharpless
73,Roy Thomas
74,Jared Leto
75,Michael Keaton
76,Adria Arjona
77,Tarik Saleh
78,J.P. Davis
79,Chris Pine
80,Gillian Jacobs
81,Ben Foster
82,Goran Stolevski
83,Noomi Rapace
84,Alice Englert
85,Anamaria Marinca
86,Roydon Turner
87,Don Macnab-Stark
88,Jessica Brown Findlay
89,Cindy Okkers
90,Sven-Eric Muller
91,Jeff Fowler
92,Pat Casey
93,Josh Miller
94,John Whittington
95,Ben Schwartz
96,Idris Elba
97,Colleen O'Shaughnessey
98,Michael Bay
99,Chris Fedak
100,Laurits Munch-Petersen
101,Lars Andreas Pedersen
102,Eiza González
103,Jake Gyllenhaal
104,Devan Chandler Long
105,Francisca Alegria
106,Manuela Infante
107,Fernanda Urrejola
108,Mía Maestro
109,Enzo Ferrada Rosati
110,Benjamin Soto
111,Rosalind Ross
112,Mark Wahlberg
113,Mel Gibson
114,Annet Mahendru
115,David Yates
116,J.K. Rowling
117,Steve Kloves
118,Mads Mikkelsen
119,Ezra Miller
120,Katherine Waterston
121,Pierre Perifel
122,Aaron Blabey
123,Etan Cohen
124,Hilary Winston
125,Sam Rockwell
126,Awkwafina
127,Anthony Ramos
128,Robert Eggers
129,Sjón
130,Alexander Skarsgård
131,Nicole Kidman
132,Claes Bang
133,Tom Gormican
134,Kevin Etten
135,Nicolas Cage
136,Pedro Pascal
137,Ike Barinholtz
138,Hanna Bergholm
139,Ilja Rautsi
140,Siiri Solalinna
141,Sophia Heikkilä
142,Jani Volanen
143,Michael Jason Allen
144,Christine Manola
145,Mariya Tensina
146,Corey Busboom
147,0
148,Martin Campbell
149,Dario Scardapane
150,Jef Geeraerts
151,Carl Joos
152,Liam Neeson
153,Monica Bellucci
154,Ray Stevenson
155,Sam Raimi
156,Jade Halley Bartlett
157,Steve Ditko
158,Stan Lee
159,Benedict Cumberbatch
160,Elizabeth Olsen
161,Rachel McAdams
162,Ted Kamp
163,Taneli Mustonen
164,Aleksi Hyvärinen
165,Teresa Palmer
166,Steven Cree
167,Barbara Marten
168,Keith Thomas
169,Stephen King
170,Scott Teems
171,Zac Efron
172,Gloria Reuben
173,Ryan Kiera Armstrong
174,Simon Curtis
175,Julian Fellowes
176,Maggie Smith
177,Michelle Dockery
178,Laura Haddock
179,Alex Garland
180,Jessie Buckley
181,Rory Kinnear
182,Paapa Essiedu
183,Jared Stern
184,Sam Levine
185,Dwayne Johnson
186,Kevin Hart
187,Vanessa Bayer
188,Joseph Kosinski
189,Ehren Kruger
190,Eric Warren Singer
191,Christopher McQuarrie
192,Tom Cruise
193,Jennifer Connelly
194,Miles Teller
195,Loren Bouchard
196,Bernard Derriman
197,Jim Dauterive
198,Nora Smith
199,H. Jon Benjamin
200,Kristen Schaal
201,Dan Mintz
202,Michael Polish
203,Josiah Nelson
204,Gina Carano
205,Nick Searcy
206,Samaire Armstrong
207,Colin Trevorrow
208,Emily Carmichael
209,Derek Connolly
210,Bryce Dallas Howard
211,Chris Pratt
212,Dichen Lachman
213,Angus MacLane
214,Pete Docter
215,Andrew Stanton
216,John Lasseter
217,Chris Evans
218,Taika Waititi
219,Thomas Latter
220,Jason Moore
221,Mark Hammer
222,Elizabeth Meriwether
223,Jennifer Lopez
224,Jennifer Coolidge
225,Josh Duhamel
226,Kyle Balda
227,Brad Ableson
228,Jonathan del Val
229,Brian Lynch
230,Matthew Fogel
231,Cinco Paul
232,Steve Carell
233,Pierre Coffin
234,Taraji P. Henson
235,Jennifer Kaytin Robinson
236,Karen Gillan
237,Natalie Portman
238,David Leitch
239,Kôtarô Isaka
240,Zak Olkewicz
241,Aaron Taylor-Johnson
242,Anthony Fabian
243,Carroll Cartwright
244,Paul Gallico
245,Jason Isaacs
246,Lucas Bravo
247,Alba Baptista
248,Mike Burns
249,Bill Lawrence
250,Ashley Greene
251,Michael Sirow
252,Jordan Peele
253,Barbie Ferreira
254,Michael Wincott
255,Olivia Newman
256,Lucy Alibar
257,Delia Owens
258,David Strathairn
259,Eric Ladin
260,Harris Dickinson
261,Mark Koetsier
262,Rob Minkoff
263,Chris Bailey
264,Nate Hopper
265,Mel Brooks
266,Andrew Bergman
267,Ricky Gervais
268,Samuel L. Jackson
269,Jaume Collet-Serra
270,Adam Sztykiel
271,Rory Haines
272,Sohrab Noshirvani
273,Sarah Shahi
274,Pierce Brosnan
275,Emilio Estevez
276,John Fusco
277,Christian Slater
278,Lou Diamond Phillips
279,Henry Joost
280,Ariel Schulman
281,Josh Koenigsberg
282,Owen Wilson
283,Michael Peña
284,Jesse Williams
285,Patrick Hughes
286,Robbie Fox
287,Chris Bremner
288,Jason Blumenthal
289,Kaley Cuoco
290,Woody Harrelson
291,Julius Avery
292,Bragi F. Schut
293,Javon 'Wanna' Walton
294,Sylvester Stallone
295,Martin Starr
296,Castille Landon
297,Sharon Soboil
298,Anna Todd
299,Hero Fiennes Tiffin
300,Josephine Langford
301,Carter Jenkins
302,Gary Dauberman
303,Pilou Asbæk
304,Spencer Treat Clark
305,Alfre Woodard
306,David Slade
307,Michael Gilio
308,Norman Partridge
309,Jeremy Davies
310,Elizabeth Reaser
311,Luke Kirby
312,Gina Prince-Bythewood
313,Dana Stevens
314,Jordan Bolger
315,Viola Davis
316,Olivia Wilde
317,Katie Silberman
318,Carey Van Dyke
319,Shane Van Dyke
320,Gemma Chan
321,Florence Pugh
322,Joel Crawford
323,Januel Mercado
324,Christopher Meledandri
325,Chris Miller
326,Antonio Banderas
327,Miguel Gabriel
328,Joaquim Dos Santos
329,Kemp Powers
330,Justin K. Thompson
331,Phil Lord
332,Christopher Miller
333,Dave Callaham
334,Shameik Moore
335,Hailee Steinfeld
336,Oscar Isaac
337,Chinonye Chukwu
338,Keith Beauchamp
339,Michael Reilly
340,Haley Bennett
341,Whoopi Goldberg
342,Danielle Deadwyler
343,David Gordon Green
344,Chris Bernier
345,John Carpenter
346,Kyle Richards
347,Andi Matichak
348,Ol Parker
349,Daniel Pipski
350,Kaitlyn Dever
351,George Clooney
352,Daniel Stamm
353,Robert Zappia
354,Todd R. Jones
355,Earl Richey Jones
356,Virginia Madsen
357,Nicholas Ralph
358,Colin Salmon
359,Soi Cheang
360,Edmond Wong
361,Donnie Yen
362,Chow Yun-Fat
363,Aaron Kwok
364,Andy Muschietti
365,Christina Hodson
366,Gardner Fox
367,Harry Lampert
368,Temuera Morrison
369,Ben Affleck
370,David O. Russell
371,Anya Taylor-Joy
372,Margot Robbie
373,Rami Malek
374,Ryan Coogler
375,Joe Robert Cole
376,Letitia Wright
377,Daniel Kaluuya
378,Martin Freeman
379,Vicky Jenson
380,Lauren Hynek
381,Elizabeth Martin
382,Linda Woolverton
383,Ron Howard
384,William Nicholson
385,Tom Bateman
386,Colin Farrell
387,Viggo Mortensen
388,Michael B. Jordan
389,Zach Baylin
390,Keenan Coogler
391,Tessa Thompson
392,Jonathan Majors
393,Steven Spielberg
394,Tony Kushner
395,Michelle Williams
396,Seth Rogen
397,Paul Dano
398,Don Hall
399,Qui Nguyen
400,Alan Tudyk
401,James Cameron
402,Josh Friedman
403,Zoe Saldana
404,Chloe Coleman
405,Kate Winslet
406,James Wan
407,David Leslie Johnson-McGoldrick
408,Paul Norris
409,Mort Weisinger
410,Jason Momoa
411,Aaron Horvath
412,Michael Jelenic
413,Shigeru Miyamoto
414,Kasi Lemmons
415,Anthony McCarten
416,Stanley Tucci
417,Tamara Tunie
418,Clarke Peters
419,Marc Forster
420,Fredrik Backman
421,Tom Hanks
422,Rachel Keller
423,Manuel Garcia-Rulfo
424,Damien Chazelle
